topic_number,topic_name,content_item_id,probability
-1,Outlier,,
,,f13f5f1d-e001-4d5e-955b-eaf2e7438515,0.000
,,9c8b8a76-46cb-4182-8c29-690b1669888a,0.000
,,d691c627-5e52-4f8d-878d-89ae514d3da6,0.000
,,05064e1b-1057-484d-85ee-fb84cd28b501,0.000
,,c30a0e74-4d28-4ae7-99c7-fc96fb64f611,0.000
,,fcc56e3e-f55c-479e-8ab9-5b826fcdb0f7,0.000
,,1a32aef0-9204-4427-b294-85b6e2b80d43,0.000
,,6b437fd2-c498-4e24-83c7-4d403e50c436,0.000
,,14811dcd-e08c-4cb6-ba97-f4d5377dda36,0.000
,,4c4b0259-885a-4cda-99c8-44e6c2ecbe25,0.000
,,317b7c30-8b72-4a91-a197-4de5ba3d20c7,0.000
,,6c0e240f-23fb-47ef-8f4b-3ceb3982e0b8,0.000
,,499f01f9-976c-4fd2-958d-d35626a0f797,0.000
,,544a8fab-7704-46de-98f2-1e3e17965f46,0.000
,,2ba305d3-5b19-4617-9df7-96d37306da88,0.000
,,441f5e32-8cb8-47a5-95d3-87ba1e571bb2,0.000
,,371205be-0d87-47f0-9abf-67515a926d19,0.000
,,cdc42a1a-5bb6-4d6e-9590-caacefb3616d,0.000
,,9bc8ce5e-9932-4cb7-a60c-a9064037eef0,0.000
,,1aaedba3-b0a8-4c70-b052-f401825cde97,0.000
,,b108f523-bd1f-48ec-8595-b0ab7e45f040,0.000
,,01acb4b1-6f64-40a2-a87b-9472808b1ad6,0.000
,,76f22b35-c8e4-48c2-a8f1-7a6e00b7b0ed,0.000
,,39bdcf03-9f6a-4099-8250-93074cbf71a1,0.000
,,7334c047-9ecc-4fc6-ade4-d5530c88b7db,0.000
,,1cabcdfd-a66d-4562-b943-be18ba01bb06,0.000
,,35d4aa39-9826-428d-a3ce-108ce3582d41,0.000
,,213a2644-5f26-47bc-91e9-319f1bb5ffe0,0.000
,,62cedf7f-20a3-46dd-8abd-8f17df45c9cb,0.000
,,0eb16703-3b7e-41bc-832a-ebdcf48b9ab7,0.000
,,0443bb5d-d7ab-4c19-b46a-f38d76d303b7,0.000
,,54546450-db2e-416f-bd71-80a23d4b592e,0.000
,,5f87daf4-b36d-430d-87e0-0d2b976fbb96,0.000
,,83da6d23-1175-4311-a275-1599e3cbffb8,0.000
,,1b9262f0-0d75-4396-8590-8ce003be6cb8,0.000
,,732d913b-89fe-4e22-a91b-93061adf19a0,0.000
,,24b58fd8-0e4f-4bdb-a117-b11679e5919e,0.000
,,c8c6e6c3-6dcc-4e38-aac1-d1d3ef7efeeb,0.000
,,e7d5ebe5-cb2a-49bb-bbdc-21231acead46,0.000
,,13608f48-497a-4cde-a3de-b268075c7d57,0.000
,,2406800a-590e-455d-8446-3d7f2a301820,0.000
,,8bc4c53a-3258-4c08-8442-7ee7735763fc,0.000
,,a2c81d09-0d7d-4827-ad9b-e9165c95eb57,0.000
,,6523d2ea-8769-4e69-8e70-b4d003e1c246,0.000
,,3f2c3a71-8628-4ef2-b53c-02413eb127cf,0.000
,,ca119b21-e1b6-422f-935f-a8ad98550bd1,0.000
,,d7c30924-66ff-4a3c-a751-8436306cac0c,0.000
,,c85b5e5b-503b-4a45-a509-c36ce4dacabd,0.000
,,5bbf3056-678b-4dfb-ad1c-abf70ebf4a23,0.000
,,064adb9f-7539-4304-ab22-429a53ffd6ca,0.000
,,1f75e362-1a4f-4d50-be04-8f48efc03ed9,0.000
,,30e02fa2-1413-4a50-b54d-9d1fbc26110e,0.000
,,6a07a3fb-70c1-4513-8974-544b006cfe9b,0.000
,,3fa96c2b-00b2-4683-b1d2-ded792642c23,0.000
,,27e0a232-94d7-46c8-96d8-d5a493d06dda,0.000
,,ae4d7a59-ff98-488b-b991-d8b43ef10eae,0.000
,,a84b0c3c-d2f2-4309-9efc-18482a6a9e15,0.000
,,8cdecaa7-e111-4397-b31d-f03bcf81eaca,0.000
,,3c365e39-92ce-4b64-bcce-61751e2557ec,0.000
,,e7ae5669-668f-4344-a69e-1498c3638e09,0.000
,,7869ff0d-3002-4aa9-86b0-f9ea6ed43c98,0.000
,,512aa25f-3b28-44e1-bce8-47215f7b0ab4,0.000
,,01aeec88-7af7-4d6a-947d-0061cd854869,0.000
,,9edb7117-357e-416c-ab2d-465a7977ff35,0.000
,,3bf080ff-7ab1-4c1e-b379-008488820836,0.000
,,3aba96c1-ec45-46b0-98b6-5a089cc3fc70,0.000
,,9c25955c-63fc-4293-b884-9f93fa45530c,0.000
,,a8a43edc-b646-4f87-bf57-f0e4e63ae669,0.000
,,19d3dfec-ef84-4905-9253-2eafeb2addf3,0.000
,,26a4be33-475f-4358-963e-55211363c97f,0.000
,,3300823b-1345-4fb2-b3b9-1948aa36f5bc,0.000
,,45963f3d-01e2-4df4-927b-e1ad58054b52,0.000
,,4d5eddb2-7b70-4dc3-83ef-ce6044e6f329,0.000
,,f21269d7-9154-465b-a780-188f9836d0ea,0.000
,,72978935-3f20-4e22-867f-662e4831e65e,0.000
,,941de3c0-7123-4426-a9c7-38560853028d,0.000
,,6df3352a-4d2c-43f9-ba13-f5b5c38b757f,0.000
,,16dcd862-3fd3-4196-94cd-f4640fa8e86e,0.000
,,659b0ae5-c1e3-4a4e-8a32-a0f4bc2644f5,0.000
,,59bf71d6-10ca-462a-8f82-60b69731e8b7,0.000
,,5b04aef7-1b52-46f9-926e-9c7898b6ee14,0.000
,,c7879d1d-b384-4487-9a16-13560074f8e0,0.000
,,e4c24a39-942b-49e3-800c-d1711f42b415,0.000
,,d6aad925-fd2a-4680-bb8d-cac1e27422b8,0.000
,,03758f12-f653-4adf-86db-6db2402e6aba,0.000
,,15b23c40-bad9-480e-9aa3-2f6187d63f99,0.000
,,440c3201-5933-43e8-a36f-8ce4f8942027,0.000
,,deea07de-457c-4b0d-bd47-47965032342e,0.000
,,55000c3e-7df3-4b57-a37f-f1b005f1d38b,0.000
,,888b0813-d23c-41de-aa58-8e19b557b667,0.000
,,2d39262a-913f-4096-b7a2-2f03cd9c9875,0.000
,,3bbbd7b8-cdc9-45b1-9871-279a5f9f4e38,0.000
,,67accc25-9a15-4022-aba7-a568bbf85cbb,0.000
,,8f463f6b-d91a-4b40-95ad-c7442de552e2,0.000
,,524e578d-9041-427e-87fd-3edfc5936f91,0.000
,,982f9b75-79bd-419a-a7b5-c0fab335274b,0.000
,,5ea52992-0601-46c4-9073-1a9fe7000f1a,0.000
,,6221c25e-7687-47ce-aaf2-d094a0d17732,0.000
,,a304d09e-1072-4b41-a950-f482178c0d88,0.000
,,343d46de-278f-475a-918c-a68f7cd06792,0.000
,,82c54e04-040c-4ba7-a6d6-18ea5ca06e72,0.000
,,ffc9345c-b9a7-416e-a4cb-70729760cc9a,0.000
,,454082ed-94de-4b15-846a-64efcd7c2f39,0.000
,,fe61e52f-4453-4df1-9e40-90e0542576d3,0.000
,,214d1d27-edd9-4ca2-a6bd-8b64b58f0800,0.000
,,ae0b1dc0-847e-455c-a736-1a27f7f917d3,0.000
,,ee21db3e-a808-45b0-96b6-7cdfa2d0a82f,0.000
,,ca4be2f5-7e2c-439a-87fb-9b91c0a0f2c7,0.000
,,3130584f-8100-4bce-bea9-0b95653f8832,0.000
,,548a758e-2e12-4cb2-944e-b12845f05c7d,0.000
,,58f9a2e8-ba86-4fcc-bc11-575d9fdfbd03,0.000
,,ef73140a-971b-4f33-bede-27b31017e2ef,0.000
,,e9137aa9-26e3-494b-9492-bd4084159ba4,0.000
,,4130954b-ccb2-41ea-a59f-a50bb5f72441,0.000
,,e6d4ca6e-d118-45e0-aec6-10d8e80cdc66,0.000
,,785a0f58-6dc0-4cf2-9679-1f0f53839eed,0.000
,,f0e6e394-66ef-47f9-8267-5c584e7ded0f,0.000
,,44b28191-53a2-46ce-a067-dd836117c038,0.000
,,92315e7a-30d6-477b-9abb-e6e425aa82c5,0.000
,,067a7212-ef5a-40d2-9e92-c0136735acdd,0.000
,,6cf8c14e-cd2e-4e1b-b42b-23d9172ca213,0.000
,,d108e5f2-5b6f-411f-9550-3b1d7275602e,0.000
,,40083310-ac6d-4787-8c57-4dc4ef4934a7,0.000
,,67317e68-70de-4814-8a77-bf3e9a1d2db4,0.000
,,b5fbd790-9b8b-4306-82f4-8e982d83d67b,0.000
,,d72e6407-9ff5-4c25-931a-fc9ca11ea869,0.000
,,88876d52-c0da-45bc-8d1b-0d3f4f8b6e14,0.000
,,2397c2a1-fb19-40a3-bdd9-c196238b35fe,0.000
,,f528754f-df7b-4dfa-b9d4-10a509027129,0.000
,,30817128-1cd3-4826-88c9-2c387cda13fb,0.000
,,f9daf717-a049-46f6-bed2-c6216f492e59,0.000
,,29745b45-30b3-4cdb-90db-f93f446670d6,0.000
,,9160922d-49f0-4a82-a2c1-a005a39457e2,0.000
,,c939e416-ed76-4041-ae77-1763ef223289,0.000
,,c73fa378-658d-48f6-8f0b-a26f1fdd902c,0.000
,,1306dfd5-519f-4fa6-a857-2a84052bf8ee,0.000
,,fa873b51-a3c5-4e5f-b38e-5f538b9b652e,0.000
,,eb3de121-27d5-41a8-8c09-4903155e21a1,0.000
,,9eeb889e-5f81-41b4-8df5-39c14cd0f335,0.000
,,3c01e1bd-20c7-4f99-857e-29645e6deee8,0.000
,,b3d3622b-15c0-4023-b9ca-b08e00b66f72,0.000
,,c11adc82-c7c9-481e-8c39-d1d79eea3c3d,0.000
,,2452c05e-7a41-432a-b5ba-929d170a9fe6,0.000
,,024c747b-e1c7-4e44-b69c-aac04f243304,0.000
,,74ab81cd-1f99-4f74-9c48-16e217d59e40,0.000
,,43f06d98-c1ec-4d93-9112-6ae5f1bb0f80,0.000
,,9da76e0a-1a27-47a1-a270-fa49bbeb7e34,0.000
,,34079496-6301-4985-ae71-ea9623ea29b6,0.000
,,901cd875-94f1-41ef-9140-2310004690bb,0.000
,,834879cb-8e96-47f7-98ec-6a5c29d640c1,0.000
,,9c0fd41e-ca1b-4076-81c7-d19d62e2ab2d,0.000
,,fbb98709-ae4f-405f-8d64-0e1af5f477bf,0.000
,,02adf3b2-e3c6-4612-9934-ffd8aa341289,0.000
,,413bfeb4-9cf3-4c33-bb85-659095260356,0.000
,,02712870-20ce-4f0c-8f9c-a5ebd3366987,0.000
,,e05a5957-8fb1-49ab-8c35-18b5203ca71a,0.000
,,bf3a8598-ed64-4ccf-8f37-3914c8fe162b,0.000
,,d1102c37-0898-404c-accb-77dcaefdb4a9,0.000
,,5e54d566-d41f-494c-a449-4c438391fdd1,0.000
,,6c315eea-37ce-4abd-a79f-fc56c2926994,0.000
,,da84b2c7-fb66-4a6d-b678-6dc32a8c1931,0.000
,,3e7e3353-0ec5-4ab9-bf34-5d5ebc13adb1,0.000
,,3a76dca4-07ee-4c1a-9aa3-c3153784bb93,0.000
,,e5838622-81a3-4e7e-b246-95d924efaec2,0.000
,,e0360446-1e26-4b56-9600-69533ab5b1d8,0.000
,,680951a4-fbe9-4750-bae8-4c4afe78d527,0.000
,,b970532f-9730-46e6-8b37-1605fb906bfc,0.000
,,7f12e346-45a1-4188-b895-cfcb909e9b8c,0.000
,,3c764b6c-e11c-4187-b048-5724c8a3c1b5,0.000
,,92210e94-9750-47b9-9eb5-65c497c92473,0.000
,,23da51a5-347f-4dd1-b658-2a7f39103b38,0.000
,,b987d36b-dfbf-407e-821c-04f688c06b86,0.000
,,74f15511-b939-4095-a320-a61400a847a8,0.000
,,fc4fccf8-290d-4b68-a57f-2caee05fd55f,0.000
,,9588c716-8232-467c-9316-c45cfb7d9ea6,0.000
,,a191930a-a062-47d0-b2e3-c4ea08abcdd7,0.000
,,78698131-ac5a-4ae0-88a2-e5ad373ec010,0.000
,,8c02c9c2-9b34-4399-bf03-6acb4fd310c4,0.000
,,d03a38b9-1859-41f7-812c-7213bef9bbd4,0.000
,,52f2717a-0eec-4b6a-bb5e-93f07a8eabe0,0.000
,,80ec60bc-7bd7-4785-9308-a8e2dd16f946,0.000
,,4310d710-9363-4cc5-a028-05983af7eecb,0.000
,,9d06d1b7-701b-46eb-aac4-b702c5f45903,0.000
,,bd027ccd-2d64-450a-8f5d-c9f18c84a4ab,0.000
,,9e1e6f5e-5ded-4610-a1b0-9ecd5a6805fd,0.000
,,56d17900-b02c-4a1d-b093-98b63af8ad28,0.000
,,ad47c660-a823-4362-8a61-8ad5c8a95740,0.000
,,16264d5f-f3fc-452b-89d7-849a88de290f,0.000
,,a1306168-38ed-4cda-90f8-db34af5ad532,0.000
,,ac586d41-ea61-4e82-9190-0aa4633b300c,0.000
,,1c2833ae-1074-49ef-a737-604d8c11cde9,0.000
,,136cee27-e4e1-477b-bab9-7a6ac616482c,0.000
,,581505e4-f541-487e-b3e2-3c43b35bb86e,0.000
,,944023d6-d4b2-44f8-8d90-ab893aa8f90d,0.000
,,90ab77f9-5ef2-4a8c-9d7f-7c76b2efc222,0.000
,,badbc9a2-8b07-46bc-a4f2-f9deafb54c98,0.000
,,,
0,Skills and Employment,,
,,f3292a12-4b43-49d5-a23e-c6541d7e1905,1.000
,,5f450eee-12e7-43df-bec1-242b765888c9,1.000
,,3fca53b5-3459-47df-8fb7-e145250fa98d,0.940
,,c0ec1a56-1f6a-43ce-99a3-7a6e2387cf35,0.341
,,b799f894-3927-4e26-828d-6cda52e50428,1.000
,,187ab698-cff3-42c2-ab0e-daf2bceea32f,0.316
,,3cf30d88-8e75-4468-bcdd-55ee26412020,0.445
,,c0441c78-0b47-43df-9abf-70fa88a7c5c1,0.225
,,e73ddcc8-0014-4ba9-aac9-4ba5653ee478,0.321
,,2323e2dd-bcfc-414c-aaa4-8b7d1a45e63a,1.000
,,70d23006-6a50-4795-851e-56a08ca51f7b,0.122
,,1bac4fcb-7a51-46cb-b8ea-8541db77c2ea,0.325
,,2e82b125-7da4-43e0-8a55-ee203bd5886d,0.326
,,5eaa38da-4e16-4d5f-a77d-c956e985bcb2,0.134
,,ffbabbc1-0c52-47e9-b19d-635a95954e57,0.346
,,09c419ec-2239-4117-ae16-2f8025fc517f,0.100
,,17f001e8-e5e1-407b-8757-fbdce9d30df7,0.282
,,381343a4-e180-4c9b-86c0-5b1bd8c4bf53,0.085
,,362ec519-d945-4879-b75a-63253737153c,0.316
,,a6a33102-f7f9-4634-b5ab-472472dc8987,1.000
,,f08e91b2-54e5-4a8e-adc5-32a380df13f8,1.000
,,60bacd62-52a9-4b8c-9614-1bb2fb49e1ca,1.000
,,678ca2bc-6e6b-4975-a8f0-2475e774fefd,0.358
,,5c5f4b0e-1768-4dc6-bbfe-9e7a7ee6991e,0.307
,,c4987433-dd23-492a-a1e8-50935f2a0448,0.172
,,29096ee7-8e46-45f3-8c59-09372cbd82e9,1.000
,,de8620e3-0036-4a22-8659-29729f355389,0.582
,,4eb279f8-339c-46ca-b20d-2bedb9aeac53,0.317
,,4bf46a3c-5131-46db-a92f-140c69ff9cfd,0.453
,,c1507d04-0685-43f9-b81c-26609b705824,0.406
,,2c0f122d-a893-4f46-8ac5-24c0ade818db,0.380
,,ee94c5ec-4217-4246-9498-21ac1ff763d4,1.000
,,e3e31296-f4cd-4f10-9d50-1b7257304ef2,1.000
,,db9d32c7-4ab7-4ddc-9b1e-5019d42ef3df,0.457
,,3033cc5c-48a2-487e-b078-9b3b5d127ebf,1.000
,,b03bb0aa-331c-4b12-bdfc-fce600f8cb27,0.291
,,be637572-ea17-4a74-aacb-c4a8c829c227,0.484
,,c7f5e3ef-c67b-4fc0-8fc3-5ad21d10a785,0.582
,,b20a2f20-60b1-4557-800e-bead076e20d3,0.306
,,cb13a8c8-9d32-42fd-b3dc-d9f77e764ad6,0.316
,,06798d87-130d-41e5-9589-599faec62f67,0.244
,,05e434c2-6b64-4ef3-a052-609d4a7b00a9,1.000
,,b8e40249-5b3f-4dbe-8686-f715d454a4bc,0.287
,,0427b019-8534-4d23-b8e8-d7207628546f,0.540
,,136f599a-f83d-4b0c-b49a-129f914ed808,0.247
,,05cfe410-fd58-4513-9fa3-b96cd5f84419,0.381
,,9c3f00b5-b270-4069-b7fc-4be3480c1b36,0.174
,,88e3c65d-b2ed-474b-a779-b5be7653edf1,0.431
,,d88e227c-f7f7-4ca5-91c5-c9d89eb9c243,0.416
,,e965aee1-b032-4b95-839b-8750f75e018c,0.479
,,a8bdad02-45a9-48c2-a039-2d64ca5bfc96,0.324
,,ffd91296-aa3e-4b8f-b9c6-5a3d4f79fde5,1.000
,,2d4c6897-a942-47d7-bc93-3700beecbdeb,0.122
,,a7dc0151-7c76-437b-a78c-7b0e357fdbcb,1.000
,,917fb4eb-ccca-484f-ba5a-94453a69ebf6,0.261
,,8fa38ee3-ace6-41a9-ba59-c5c99612be02,1.000
,,5fb3ec24-b08c-4d36-a118-8b96496006d9,1.000
,,68c0e303-b727-463b-82cc-628f30c00414,0.320
,,c7036689-4844-493e-bf77-00e5d751d181,0.243
,,6d56d2cf-8ca5-4823-a37e-e5449f317b48,1.000
,,c545d043-a79e-4997-b6f2-ffe52decb1a6,0.264
,,58f4e954-11b6-414e-aa59-ef7893c8c0cd,0.542
,,884117b5-e02c-45f4-868b-e296ed42dda0,1.000
,,e1a60121-4a2b-4db2-99a4-a300ee866f4b,0.599
,,860c2c91-ed63-4091-ba8a-e11d835f24f7,0.257
,,dbc30ba3-9dc9-4c95-8777-732be87abc42,0.256
,,0ba5ef82-b276-41cc-a36f-f8bba0fed5dd,0.486
,,b9aa9da4-0d64-498f-b977-3eee9cedce80,1.000
,,2f99559c-3ba5-4b90-b672-ad967f44f950,0.693
,,3186511e-3f8d-4102-9ccb-51217c1a7bab,0.923
,,2d8dcbbc-8283-49d8-91fc-99ce73da823e,0.293
,,64552ffb-a738-4ae7-9a35-410dde6859c2,1.000
,,522c487c-0de3-448b-a4b2-2cd578f3c931,0.531
,,66647535-1506-49c0-8b33-11bf90abc458,1.000
,,6f1bad8c-7882-4d65-8915-cc01121aaccc,0.173
,,ee1d5679-4409-48a0-8088-73b9f119b4a7,0.143
,,616ffcde-bc04-412d-9321-591bcf4e9924,0.374
,,36be0365-19da-4c05-a2f4-9282bee60cc2,0.126
,,,
1,Shared Parental Leave,,
,,04246dbb-2762-44a9-9b9e-fb7cfaecf71e,0.735
,,182bfabb-19eb-471f-8839-5313cbf5b417,0.305
,,21f3e91e-6a07-4792-acfe-1c17ce547a25,0.347
,,23288d4d-0fdd-4777-81ae-c69434360899,0.239
,,2a13610c-4f45-4304-ba54-fccbb8497cdf,1.000
,,4759ee5c-3de7-4f30-8556-0567e3d9cf3f,0.144
,,288bc05b-5324-4e21-ba85-8e4adab70ec9,0.339
,,c3665c14-4a4b-432a-b760-190912b46923,0.327
,,5c528711-74a5-4268-82b5-cd51fff0a1a7,0.467
,,428c1490-2c9c-469b-af44-adefc69b20c6,1.000
,,8e6e0f88-b77b-4f1b-853b-d0f314cd16e1,0.229
,,cb101970-07e5-4bbb-8f91-91765ca9dc3c,0.421
,,1c0494bd-0672-459a-a57d-ec31f27bd8ec,0.206
,,7d023251-b138-43e9-9cb4-2b52392bd191,0.366
,,1ed3b6e3-cc5d-4d34-8c88-6d392497a910,0.248
,,10fd8cb3-f0ae-46b3-9ac4-cefe81ea8ccb,0.187
,,6b145c40-8890-46a8-80f8-fa12c7fbe51e,0.089
,,951c9e2d-8b13-45e9-9831-2055280eebcd,1.000
,,f0f9c039-1cd9-4697-9a68-00a19e0a9a5f,0.308
,,78f295b8-2db3-4c90-87cd-d1bb228869fe,0.201
,,05a873e9-9f5d-4143-b2fc-4f1dde7a0758,0.170
,,287faec4-2236-4581-963e-00447b0466b3,0.483
,,777a8b55-2a04-40f1-bd9c-490a2e10d918,0.272
,,4c5ceb28-d367-4bbf-b846-1a517e828b58,1.000
,,c855f0af-3575-4bdc-9294-62d225dbca92,0.492
,,d80690a0-04a6-4a0e-84d3-11e77afa3802,0.457
,,6b2fc670-52db-4301-8ff6-04fc2ec9dd53,0.220
,,8edbff8d-4d6a-4f6c-80a0-0be12f424cc4,0.396
,,f2c50748-9c21-4cc1-bc7f-cb62b5d5174b,0.094
,,4a32bcef-163a-45b1-844e-db7f7e17763f,1.000
,,215a2981-5924-4b7d-9f03-91b076e445eb,0.235
,,d5d236fd-79ac-41b3-85d0-0b502a8ca436,0.137
,,ee768e72-d003-442e-9cee-85fcdacba306,1.000
,,eb03b191-4c16-4be8-9423-88afdf861fde,0.217
,,3189aa9e-d1fc-4e86-aad5-349e04a2ba27,0.257
,,90cc21c2-c233-4f21-9557-54fb37ab95e3,0.143
,,fad3c618-acbd-4ab7-bc5f-8d7fb62320d7,0.179
,,3e08ba99-2713-4155-9881-b9655aed2c32,0.207
,,f0e2595e-c891-4b67-bb21-9a9c01f9a821,0.291
,,261e72f9-4657-4621-b346-ac86b2e9823b,1.000
,,ebca185c-ec7b-4bf4-b5f7-64959262c9df,0.188
,,b048537e-6a28-48a7-bdfe-e9f40a1aa3ca,0.597
,,1ead05a7-3f6b-4980-a97b-51d2553f81e8,0.381
,,b77a82ae-2901-4339-b302-3df8cec9e55a,0.214
,,a1838c23-3991-435e-ac4e-52929e7912d9,0.330
,,9e3188b2-3d5a-42d5-993e-88a910febbeb,0.121
,,0d83aebf-86ea-4403-88d7-e9a05c1b43f2,1.000
,,66c718e0-e9c9-4848-a3f4-d1275132c642,0.536
,,dc6098d9-4f18-416a-b57a-617861f4d81f,0.581
,,f4b6ec80-f252-4a28-8e94-140e3ea404ee,0.527
,,116d11b5-fb81-4311-aafe-9148968a55d1,0.326
,,ecaf7a4d-1570-481a-b5da-6f0827c2949c,1.000
,,4e94a1ca-6e92-407f-abfd-3bf6a853bd39,0.094
,,d85772b3-ffdd-4652-acfe-80f92e94351e,0.210
,,70807d07-ce84-4f05-9237-7336e68304dc,0.090
,,7a66348f-42fb-49f2-9dda-8c17560798bf,0.394
,,69f0e011-e921-4fab-85a9-6b1256a20e8f,0.215
,,2b863f80-fb59-4f7f-9857-115cb9dec4bf,0.180
,,036e1691-312a-4652-a314-7c06521cbb68,0.210
,,0d8fe6e9-795e-4ada-be43-9f8f0fe4338b,0.074
,,2b54c754-9a4a-461d-b8b2-fa97d50afd5e,1.000
,,e6ca4ba1-2287-40aa-a9a8-c599461f91c0,0.388
,,679ffed5-f6a6-4f29-840f-2bd8203fccb4,0.235
,,512cfe94-fe6f-4cd3-abce-2059b6733370,0.424
,,d4873ded-3914-4f0e-b04e-fa6b611fa38d,0.277
,,65435b39-f98c-4ccc-b892-6106256be46f,0.291
,,,
2,National Minimum Wage,,
,,6eb0bd1d-44cf-44a5-9ce0-7a3edb388727,1.000
,,729b8635-2c07-457a-9075-bba1644f11ea,1.000
,,3f18d84d-7117-4734-87e5-b2b9d99c1a51,0.211
,,057b4610-3941-401b-b4e0-093c488302b3,0.232
,,e8ac12d1-a976-4af1-bd48-4c13b72b6a1e,0.140
,,b84b04b3-cadd-4bcc-83b3-8221fc9b692e,1.000
,,b0dc68e8-b268-43da-914f-684840907c9d,0.172
,,b4716d32-6675-4fa1-97db-acddbdf11c62,0.605
,,c387aa7a-5f03-4fc2-8a26-c40da1ae69cd,0.360
,,3410012a-bbde-4edc-8015-df5f3d645d36,0.365
,,f7fa3c35-5f4d-43f5-b189-4b592b2129d2,0.138
,,89ae09eb-2e5d-4fd8-b16f-d8387fc0607c,0.194
,,77fad05a-9483-48ef-b14d-f1b16122e0ec,1.000
,,ec3a3c0d-c84e-434b-8f27-c4ce86fbfe69,0.324
,,41baac81-aebe-41b5-ae12-ead2c6367ec3,0.110
,,63a822f6-b176-4c97-86b3-a20c3543838f,0.319
,,0629c04e-1542-4ea2-a031-4bc46e2b2c19,0.304
,,d48d894e-8b33-4700-8812-0cb248aefb6e,0.348
,,5233554d-951e-40a4-a24f-d48008b207d2,0.189
,,2e20ab93-c93b-47cb-95d3-a787e2be46f8,0.141
,,313757de-2b7f-4e33-8548-8589574ad86e,0.255
,,8cb4c96e-80a0-4cb3-a19b-a98c34c8c9e6,0.221
,,92b706cd-d09f-42b9-8bb7-ae3020fbc29e,1.000
,,f480f972-2d55-4c8a-a2c5-a7c7cee6eabb,0.216
,,cb98513b-3342-4480-90b4-b7e2c7f413ba,0.335
,,c196b7f4-b9fa-489d-b90a-99f8f922e413,0.205
,,c0716988-986e-436e-acb9-41287afbc738,0.175
,,aaf8612d-6005-4933-b024-7b82ef178528,0.310
,,c4fabf59-e156-40da-9812-105ccad19e30,1.000
,,47cac603-5ccc-426f-91d2-8106d9f90b55,0.133
,,59352629-baae-4bff-90f4-6f4b64d1fa44,0.116
,,525506c7-2fb9-4f7e-94ac-09051e2e3787,0.276
,,93570886-41bd-4ea8-a0d3-f9b1ae955da2,0.243
,,d031ca08-ccdf-4fed-8e44-a167856b4194,0.192
,,049f7a60-8b61-4434-9504-a275ddd3f260,0.301
,,ef374194-4381-423d-b891-ca45ab215d37,0.237
,,595b261b-5bc7-4670-a801-1ba9017e7857,0.182
,,b3894342-0105-4e1c-a39b-b7c49c29b937,1.000
,,827fb36a-8fd6-4ea7-b747-652bc51662ff,0.475
,,b1d135cb-941b-41ee-a8a2-3676364728e6,0.307
,,5607ef5d-c349-4da3-aec0-05ec7c866c07,0.215
,,e5034d41-dfed-48e8-9313-31a914302990,0.373
,,c1d09a88-e190-4320-86a8-3d9903284096,1.000
,,d861a398-fc52-40b6-aca4-90f255710eee,0.132
,,50305d98-c8e4-4626-8704-b2cb02043972,1.000
,,b250c26c-3761-4126-9dd5-377c86bec767,0.228
,,f4766ce9-6650-4343-ac65-4c6c6106a2e4,1.000
,,c14c2b0d-436f-4443-9529-92e433f3340b,0.191
,,ece7c4a3-3955-4a29-8718-e8fda334bb2d,0.197
,,d698bcbd-381d-4db5-8686-793988d12ec3,0.132
,,20529d55-ef7d-4cd0-80fc-a944b8fb4856,0.160
,,,
3,Employment Rights Reform,,
,,8d0b696d-c34d-40ea-b89b-26e581c36943,1.000
,,fc56acff-256c-4953-b9db-72cbedc03573,0.059
,,0a77bf1a-748c-4f43-a4cc-556f0ffc0ab2,0.095
,,6f31cf92-e5d0-43b7-89ad-379a1e4628da,1.000
,,383278eb-538b-470a-ab8a-8b95af632576,0.548
,,abac3e1c-af53-4d62-8449-bef5e87dde81,0.057
,,3c1d490f-f557-476f-9019-86ec753f585c,0.065
,,85f0a122-cbc7-42ce-98b9-5858aa18a9dc,0.061
,,5b2bb308-7830-4558-bc75-ace9f104b0eb,0.125
,,c7a3f740-92c2-4086-b8c8-b72bb1baece7,0.085
,,7722a967-afd4-4975-ba5f-7ecff1e77615,1.000
,,38d38aa8-6ec4-42bf-8ece-435cb01abdee,1.000
,,26815f32-e3f0-41f0-9907-23a0c0c36f17,0.134
,,b5a3a6b2-61af-4b5a-88e9-28b9cccad494,0.079
,,74d49389-5d77-46ce-98fb-9ecb95d279ec,1.000
,,cc0e3aae-1e61-44d6-ad4d-408b1103a4c5,0.255
,,4b042171-0c0b-41b5-b456-c66439c46cd2,0.087
,,64e223e3-1877-4d22-9577-7bbc5a6c5da0,0.117
,,32081545-d835-43de-bc20-0bc33a00f489,1.000
,,2c7a5ab5-c9be-4792-8270-2d0d9d654899,0.165
,,ba79cb57-7366-4f88-a132-8e979f19a167,0.070
,,b4703532-09ce-48c4-a5dd-4119a0fe7356,1.000
,,3aa87b00-6c0e-48f2-ac41-b160367a8005,0.059
,,2ba24c3c-09da-40de-8ad6-7df4e275f558,0.094
,,000ec632-7d2c-41da-9d07-558fdd91cdcd,1.000
,,706ff3ab-d69a-4ab3-a255-90d858ce01b7,0.081
,,6973c642-cc38-42ef-ac3a-9b8810a3db63,0.113
,,54092ae2-6dac-4229-b34d-4e364a62fcb3,0.065
,,d9dab245-435e-4424-9f32-1b83ee16a89c,0.091
,,b67fa7ab-ed41-4ae6-ab45-d3db19742f3f,0.322
,,713e800d-9677-4d26-b72b-0673df8fc6cb,0.059
,,4c96635c-8c58-4056-8f07-6a01e95b44f4,0.202
,,91fb8d2b-8fc7-4ec3-ab43-336a8599f724,0.260
,,03b1c742-38e6-4f8a-ab2d-e4e3301f46b1,0.067
,,f8d3d0c6-6594-4623-88b2-5591e7f9d444,0.046
,,7400c0c0-2f93-4fcb-8fe1-0f81cf6ab892,1.000
,,bd311244-735f-4d8e-b567-d9b79b7c4f35,0.438
,,fa9a3352-ea40-4d87-8426-6d60b99643cc,0.114
,,0275f2f0-0f0a-4bcb-a29c-8ee648785205,0.110
,,d6ad5307-5a16-4557-9b47-b48b1914ca56,0.105
,,2c5b22af-c4be-4637-bb26-cb88b9b261fd,0.061
,,87be3c7a-72ca-4331-927d-ce4922dbfceb,1.000
,,78b3b2ea-aa21-4e58-9db1-538190f25a0b,0.072
,,9cc01ae6-1838-4de0-b205-6937205785d0,0.132
,,36aa58e9-4bef-4ec8-99a5-2ef75ac07350,0.348
,,,
4,UK Labour Market Projections,,
,,4c6d5583-f6ee-49e4-8eee-821316d7b8df,0.412
,,fa0524f3-9826-4742-8154-67e5dbd96848,1.000
,,b279dcb7-e042-4fd9-a904-64e4b7a89f82,0.655
,,02a04b1c-a4cf-4b82-8ea5-91d512e2c1ee,0.783
,,c350e512-703b-42f2-a2ac-2915537e2330,0.696
,,9e9c5bb8-5150-47bf-87de-3b4602dc7fd8,0.382
,,69945e63-6aea-4923-a82d-ae3b2e06b986,0.061
,,fc4dc771-c973-4e1f-840f-bffb058a05bd,0.534
,,05ac9ca0-aae4-4a0e-b03e-450086543270,0.811
,,1fce42fb-2c59-4911-90b3-ac4fbe09ea6a,0.504
,,4bf2f0df-808a-4635-affd-b7667f3e0554,0.353
,,72661cba-1bec-4cc0-af2a-234094df7580,0.228
,,71fd0ccd-096a-426f-bd70-1e0e594a0646,1.000
,,abda4780-5914-4936-ac7b-0c317cb75813,0.437
,,34b621f6-4ffe-4fe5-b301-fc1da5861237,0.499
,,b1e75010-b480-400d-9e73-ca951b402046,0.046
,,d31ae872-6bad-4369-b839-196d34fffb94,1.000
,,becba774-a7a6-431f-a258-192490f270d9,1.000
,,1518a1a9-c519-44d9-a973-ba5ed6202a6f,0.270
,,d9a21baf-5e43-4890-a8c3-19227fcf1359,0.081
,,2f76cdb4-2784-4fa1-8f58-e0a459fc749a,1.000
,,c6b29b18-8fd4-45b6-9e70-a356bff4acf1,0.108
,,7b426c66-9d27-4915-aae6-1f30aef812c5,0.394
,,069d00dc-917b-450c-a38e-f133d3d281e7,1.000
,,07b98a19-7fa1-44d1-8b1d-93e905971aa9,0.096
,,bcaaaf90-e552-4a76-98b2-edb5e0d46ad9,1.000
,,c718ed34-51ab-4316-8170-af9b565f0c31,0.304
,,36879814-e888-404d-9569-4fb4f13e2529,1.000
,,4773fabb-723b-4b29-9e79-597c61c3bb65,0.611
,,7d702968-f9c9-46a6-8e18-8eb625843943,1.000
,,ccc67583-d2b5-4ca1-843e-9b2294c03bfb,0.409
,,ec7e10f6-0e4a-49e6-97a4-9bda15f466ae,1.000
,,5d02fb89-d00a-4abf-9a04-2efcd8f74014,0.682
,,d82d864c-23d9-4d20-9c7f-6497b1b4d87f,0.400
,,d42c4c80-f452-4cd1-b39f-b7c229c2bb7e,0.448
,,2015c872-11b7-4521-a1b2-60ff27be23b9,0.846
,,d27eef8f-907f-455b-a42b-346139cbe0af,0.185
,,79965695-e4a4-4438-8a0a-76243a2a460b,0.359
,,6226b0b6-e812-4ff8-a2d2-6894e938544f,0.024
,,9736fec3-39b3-4190-b7f0-70bdc49aecef,0.344
,,cf0c81b2-e8df-46f0-8826-77b59f18aa00,0.497
,,d7e2b0c9-71af-4054-819d-d5ec40919664,0.388
,,,
5,CAC Decisions Overview,,
,,4bda1f19-e2b8-43d5-ab19-132cc05d7ffd,1.000
,,cafcf366-a2c7-4051-9656-916af6aa8a52,0.138
,,b242a5cf-4dbf-49d7-995e-0b0a9b519db6,1.000
,,794aa120-e715-4a04-add4-cd0fa7fa66aa,0.761
,,02baf1df-655e-4a85-be7f-000dde884eed,0.323
,,99c75d47-cdcc-4d2f-be3e-83e763e3e7fb,0.221
,,0807a65e-4967-4454-8eee-df85ae9b6495,1.000
,,a20d8d69-f9a7-4a9e-84e2-eca3c680c2af,0.597
,,8d8873a3-9505-4a67-9290-c72a983439e8,0.369
,,7071ea86-f658-434e-aa91-f59f6f1781b2,1.000
,,6829f8ad-6095-4b25-8e2e-27aee8592073,1.000
,,c99011b6-0205-4af4-aa0c-a1aa485a87fc,0.298
,,43771eca-19a2-46ea-a381-9adb13abe9d4,0.294
,,d0ee1831-8398-4cf3-9682-2174345621e5,0.417
,,2987f60a-d1b7-460e-9c66-49b77fde46dd,0.689
,,bc09e81b-aa54-46a5-a3bc-0ac751f0db52,0.427
,,3f0ba955-0718-4059-b669-6e16d0254dfb,1.000
,,26762fc4-0801-41fa-a0e6-4d49b13e4278,0.304
,,17ffb534-ec40-467d-acce-f81916122dac,1.000
,,fdc1a689-61c8-4b77-8fc1-185106b46755,0.395
,,254c0d5a-e2ef-4c08-b4e2-8c74e7a6cf21,0.208
,,e8fddb93-ed1b-4018-9aae-2ced5f6b2d84,0.570
,,f82a5ffb-b184-48ba-a7f3-c6c5de1aef8a,0.436
,,677bb679-a20d-4757-9e07-293825c215f2,0.346
,,e5a36708-58fb-4f15-9145-57eb2f10eed3,0.531
,,9056c06b-9764-474a-9ffb-653352e6f91c,0.497
,,c54e7b4c-8aeb-4969-92a0-9f7bc5dad8db,0.273
,,6c99bfe7-25b3-4d2d-af44-d348515474d9,0.458
,,8c9ff5e1-0654-4130-9169-5e5c05402bea,0.602
,,95bf62d6-444e-495d-86cd-6f710e6cda90,0.652
,,d89e5838-b381-4940-a49a-a810fb916f38,0.374
,,73118ee1-9169-40f2-a97c-f5a5368d9962,1.000
,,347ffee5-5a33-4d4c-845f-acf982893f36,1.000
,,acc2c581-a8f3-4ef7-8de8-cf2d9d252ef6,0.372
,,4b245981-3be2-4c05-be72-e5928259e736,1.000
,,1314777d-3739-4104-977a-f9164bb291ef,0.623
,,c1e68ef2-f342-413b-a882-ac91c972c832,0.820
,,,
6,Employment law reforms,,
,,b18c0686-4ccd-48d6-8849-5d04aa6eb424,0.197
,,53326a97-1a70-479d-ae03-aa52021a0756,0.571
,,31ac2eec-dd83-4c77-b2f6-0cd9a62961b5,1.000
,,a762cc7f-ec45-44dd-81b4-fd2761a62cc6,1.000
,,693664f8-a633-483d-951c-e428881d9cd9,0.262
,,0e07683f-4281-4bb7-8501-9f783a3b6347,0.319
,,40c2df02-3bfa-4ac8-9ba7-859bfa15255f,1.000
,,ad164f7d-a5c0-452d-aeac-0ce6652a996c,0.183
,,65c2557b-3fc6-4fbb-a435-1b67687d918d,0.432
,,36829403-f4ff-440c-b5fa-724aa8f34c5c,0.478
,,3ffaac87-704c-49e4-af72-5ccaef83226f,0.232
,,0d29bff9-699b-4ca6-bf39-edaea0b211a6,1.000
,,474d39e1-688f-4d80-9708-b65b137b0387,0.426
,,1933e1f9-b769-4872-8906-9b15249cdbdc,0.348
,,3f539c67-a19a-4338-8381-e78e1a02e78e,0.190
,,374c2a1d-0b74-47ce-b6fc-62ed10477a2f,0.132
,,79fdf3da-a740-4edf-8243-b1e2ccfd7c74,0.226
,,ffa7b4f7-800a-49eb-9a77-04376aa205d7,0.184
,,297d2c72-3326-4216-9800-436150c7bf9a,0.206
,,ad63112b-d3ad-4118-8620-c349ac994206,1.000
,,67a7d996-3879-4db3-8b70-435c062b89bc,1.000
,,b8448ddb-c00a-4cbe-b681-fcc00e112e81,0.198
,,1855b441-433f-49be-8e7d-0590f6f247bf,0.239
,,66bb9283-af88-4325-a4d3-4ad4405c7423,0.465
,,c50c5399-1601-4f79-94f2-cda1faf80143,0.165
,,d33a20e5-cc59-4dac-a2a6-0f86a6c8564b,0.355
,,4a62b0e0-d672-419a-90f6-81b45dfcd715,0.410
,,0eaebe61-28dc-4b0f-bdb0-9944cc767392,0.579
,,698ea1be-7435-490b-9e9a-2edbee073d8f,1.000
,,cfea9887-6d03-4806-81df-ae3f80e472e0,1.000
,,08c7f2eb-b9d5-4bd2-86bf-564c5d88e995,1.000
,,4f36273c-872d-43e9-b6f4-c231b4c5459c,1.000
,,c98bd69e-af20-4eab-9510-cd65eed2ce07,0.169
,,,
7,Labour Market Enforcement,,
,,a3cb872d-1d98-4e85-9e8b-f03b7f08bcd2,0.545
,,c81d7c65-6326-4d06-9d95-81208d8371c7,1.000
,,17a21939-f508-4e55-9666-87b894aa1ecf,1.000
,,82afc3fd-cc56-46cc-8440-4003a3f0619a,0.178
,,7a7bf113-607f-49de-aa8f-e87717c85ea7,0.448
,,a54760cd-2e6a-4984-bd78-628b12777f08,1.000
,,749b85d6-26c3-4330-8eb2-b75aa0edfa39,1.000
,,fa13e9e4-a4f4-4b88-bf0a-5a2ff8313c13,0.065
,,3665af9d-eb2b-47b3-bb5c-347a68209152,1.000
,,111029aa-c8b8-4c89-9f26-2ef42841e114,0.449
,,d8693b69-81cf-4ec8-b4fc-87137ab3e0ac,0.214
,,2022b798-b9f1-47a8-bd31-693181dd06b7,0.496
,,b2b13c79-48f5-4e4c-a2bf-9bc6013dc910,0.265
,,d882a93d-7734-401d-96ef-ac8769513be0,0.166
,,4fb25dd8-f767-439a-aa58-6318835bb8ec,0.550
,,b5704e07-8428-451a-a9c5-d86cb2503cc8,0.104
,,a758d4aa-59e2-4d60-a223-4a38027d9901,0.203
,,f20f7313-462e-4221-941f-1f1d079aa9a4,1.000
,,5aa302da-3d73-4afc-8e18-7612c0dc0d77,0.158
,,62f6ffde-de6d-4caf-8e8d-c87edbc047ec,0.887
,,963dcebb-3495-4372-b81a-6d0a5c7cffb3,0.174
,,bb93d27c-e521-4ac5-a546-f5c505bb30b3,0.479
,,857fc339-eaa6-407c-9ed2-ac9cefe1a142,0.137
,,4ce3408a-ad37-47d2-bf96-d473e070e869,0.681
,,768aa3da-59dc-44cf-a960-780e15781b6d,1.000
,,43a35916-8536-42a4-b347-86203eeeada4,1.000
,,acf7b34a-d57e-43fb-a6eb-a9024e23aac3,1.000
,,050af89b-db64-4311-93dc-37967ff258c8,0.095
,,5ca276d1-e38a-4662-a1e9-895f71ce59cb,1.000
,,,
8,National Living Wage,,
,,3033f69f-0a1a-462b-b9e3-df3a3ce0dbfb,0.505
,,d905a84a-6cb4-4880-9391-6758f35b74fd,1.000
,,0cdeb686-b0fa-4cae-82b5-8784dbaca6dc,0.542
,,e1e48de2-b015-4d41-b8ab-668a9c8f49f0,1.000
,,efdf7cb4-8b17-4e2a-b116-d3c9c370061c,0.144
,,d0a16ebc-874c-4290-b954-c0596b799016,0.270
,,4d9f4c28-1149-4e59-b554-0ecce9a2b91e,1.000
,,81237f49-ba5d-4321-858f-19154cf773b3,1.000
,,55aedd5a-de73-4462-bd7d-4653e47cfdef,1.000
,,34b34471-a562-4908-91b3-b56d004b090b,0.383
,,fdc81744-6c4a-48e1-b560-82feb94801cc,0.262
,,f7870df0-ad66-4964-9819-38a12f3f2909,0.298
,,97f2debf-4755-4a64-bb4e-ab0fb3663d01,1.000
,,57eb71d6-fe49-4bc0-95e8-25853886adc9,1.000
,,67bec713-eea2-49bd-b65e-85fc3d97eb60,0.371
,,82a09c42-b735-4d28-9a63-f1d45c3ea205,0.460
,,b3e4ec1f-007a-4c0b-9904-26e7ddaf5993,1.000
,,5f4f2fc9-e3f2-4544-97da-6cf7ff1d769b,0.377
,,b4fc9f8f-fc7e-4f9d-884d-c3dc13b88fb4,0.155
,,1be67584-a713-4060-999b-801858b9d926,0.305
,,195f1ef6-45cb-417e-ac0b-1505edeca136,0.596
,,8517b483-99c3-49ce-adfb-a558ed20a279,1.000
,,59a84bd2-f291-4ea4-bfb8-0fd6ade6e732,0.587
,,0c16c16b-04b1-4c15-9b74-8ebb6edaaa99,0.320
,,78aa597d-d752-4a61-abac-f9229a5f82b8,1.000
,,17a8ed97-deb1-4195-b15b-915587e2c125,0.232
,,0377c4ee-1b1e-454c-b390-5af45b9f77a0,0.213
,,99aba057-1089-4d92-9f59-57bc098716bd,0.160
,,,
9,Employment Agency Standards,,
,,52ee2fcd-c044-4bff-9e1a-5afe2e7ed699,1.000
,,daadfd8a-6420-440b-9ae9-8d5705d4ae81,1.000
,,2a45af94-4e48-4a4a-bb16-c301e4a6ed3d,0.069
,,5444e373-723f-4093-99d7-30bff210f2b2,1.000
,,c437e1ce-f61d-4347-bde9-a207617e294f,0.069
,,c371d2c9-144b-4416-9594-ea7cba43c882,1.000
,,52518280-938e-4e45-9f8a-bfe1b3dda8af,0.943
,,fb685580-081b-4c45-8cf5-27760764e79a,0.070
,,e71ebbc5-9683-491a-8170-e6c24281fd5d,1.000
,,386bec61-e4cf-44a6-92d4-a4e1e52f0eeb,0.116
,,bec13a74-dadb-4c45-a3ac-d251fa240700,0.633
,,89b378c8-1618-4682-b206-81c5bcb1ab19,0.725
,,c8f18001-df49-4cd0-b516-9db02ca5342b,1.000
,,3e4eafd4-6ee1-4273-81c6-86ad16758236,1.000
,,6c6ab9c7-aa0e-4924-b0ba-bce69b71fe60,0.624
,,df71d882-0d9e-4a11-916c-75fe1f818914,0.074
,,7cb8a37b-df14-4220-bcbf-67fff1336e88,1.000
,,3dccbd61-d6d9-404c-94a8-9410ca886c1d,1.000
,,9f565a3e-d625-4e90-b69e-7b8167610a70,0.565
,,bcf0c9d0-563d-4952-ae88-0b68fef3be5f,0.068
,,525a8c69-f850-4cf6-9c23-d6fd8d22a211,0.063
,,2af2a662-cb11-41ea-9735-b3f4125183f1,0.756
,,990ac75c-8116-4316-b483-ab88e2fd39ce,0.908
,,89fc9cdc-51fa-4ec9-b965-3c24e1505812,0.705
,,96c1c13d-5af8-47ec-aa3e-ae22f0fd7637,0.110
,,0f34e902-8623-4978-a7a3-cb769fa99508,0.069
,,53786667-c9ae-45f6-a0df-efe666f67d53,0.070
,,9824c18d-b81b-4436-8efb-b95db2ed71b9,1.000
,,,
10,National Minimum Wage,,
,,1d4c0740-3678-4de7-b8e5-da2354ba324d,0.103
,,592af46c-1d6e-435b-b74f-012b41c2b96b,1.000
,,fa2e6fd9-6f8a-4c86-860e-ec7045904088,0.120
,,53fd517e-2f5f-412c-9d42-58b71021742a,1.000
,,97cbc288-2037-42d1-bfbe-45a5b0f46ce1,0.105
,,919ffd93-0d77-494a-b72a-4c397cc03af3,1.000
,,67c4fd05-4108-484a-a4a1-43f16c45639a,0.394
,,f1c1a683-330c-4276-a538-33c9bf67a817,1.000
,,e30ff036-d5d2-46fa-a345-021675f05d22,0.156
,,8f3254b2-77e6-4417-888d-965b7a1ec570,1.000
,,9dabed60-d5be-4714-adc0-a854747232cf,0.302
,,dab10420-5c22-47e9-b77a-807281741c75,1.000
,,25c982b3-7e97-425e-a164-e00a2a8d6471,0.319
,,80ecb20e-61c9-47ed-9eb9-e5203114925f,0.368
,,7c8e5485-1dc7-4bcf-89bf-1a65d5e82fd1,0.888
,,a9a50eec-81b2-4f84-b8da-59423955f602,0.645
,,27837d45-4c81-4d45-9f86-50bd21192485,1.000
,,a51b3c57-2b0e-4355-8509-c9a9b8fd26f0,0.252
,,983f5cad-f1bb-4310-8053-32c05e34bc55,0.630
,,1208ed30-963c-4791-a2ce-14e3174b0cec,1.000
,,cf28374f-3e4e-478c-bacf-5335f9cd92b3,0.444
,,5a1500df-d354-4646-a4bc-aeed92c32be4,0.142
,,5c323349-0bfb-46d7-8fd7-051ccd94d141,1.000
,,45455a30-9889-473f-833a-03073b1738b6,0.123
,,3fecba0f-3c04-4363-ba9f-bcbfbf5e96d6,0.496
,,9ae42137-0cd2-4bbf-b78e-a3f1ffb5556a,0.188
,,bf524bb0-dec3-401b-ac72-db5ebe2b92d8,1.000
,,,
11,Union Modernisation Projects,,
,,42e12321-d195-4612-874c-ed0b0dd444db,1.000
,,09397b89-4467-4bb6-bcfd-49c574b9f6f4,0.660
,,c7582f0f-0502-4d27-8ccd-0567f36d5c40,0.685
,,acd1956d-7533-4258-a8ab-a050b39d6ae8,0.701
,,e19432fc-42bd-4009-8319-a213f00fb0be,1.000
,,f34e758d-3064-4427-81e2-276819c165ea,1.000
,,39d7b794-0841-4a93-a352-e328acbc9f2b,0.893
,,7fce5230-3628-48db-b649-8cc9a4c9596a,1.000
,,fda8dc0b-63b8-40ea-8b0b-d5ef95d136c1,1.000
,,1748549f-36eb-41ab-bf56-8d977b429806,0.529
,,613ae672-2efc-4a43-bb58-9605fc3ab0f4,0.941
,,e1113626-7767-4352-8ab9-8738e26a6a28,1.000
,,151afa5a-1c6c-41c6-9fb2-72a0aed725f2,1.000
,,f1eb2a63-5c17-41e4-8881-d5b8b9d725a1,0.234
,,c35a5faf-eabe-448e-9612-78442d965c7f,0.790
,,9c95a268-5fdb-4c0a-86fd-27cc7bf921be,0.659
,,acfec746-20f9-433e-b075-a5095145e37d,0.674
,,b89af28a-c6d4-470f-b26a-65e793fbfb6c,0.639
,,dc451eea-be13-4bd9-97e3-ae20dafb13d6,1.000
,,cdddcab0-742d-49a4-b7e2-20a882503281,0.832
,,d798733c-a822-461d-b511-fbf86b446e00,0.335
,,b81018ee-8ec2-4cbd-9c35-eae1f24c091c,1.000
,,02c8f734-d0e4-4512-836f-d9695825272b,0.552
,,be39fd10-8f47-4445-9da6-eff3e4b269c6,0.289
,,5f6eb8e5-b09e-45f9-af93-887990326533,1.000
,,,
12,Agency Workers Regulations,,
,,749f8f1b-1c07-4e9f-89de-7ccb0c4760f6,1.000
,,e98cca8d-7afc-4be5-ade5-22936c6806ad,0.253
,,595cf01c-6442-4869-828e-01924815e4a0,0.455
,,34ae412b-beef-48a5-85d7-b942f21cd008,1.000
,,359073f2-d5bd-402c-85c4-4a1e6604f979,0.219
,,5cd7f6b4-81ce-4d31-8116-898c3d3b5865,1.000
,,b8753550-ceed-4c11-abac-f00670017ea9,1.000
,,951e6932-7bf2-4c1c-bbbf-ccd9cc353b4b,0.264
,,21e70d2c-def4-47ac-b2d8-51abb060b95f,1.000
,,e067c345-6ba0-463d-9f23-1b11610aa04d,0.259
,,63ee92a4-c758-40f8-8b5c-f12ade379fc3,1.000
,,453733f1-ef16-4e7b-bd07-02f8cec38ab0,0.710
,,a7731135-213d-481e-92da-8525870c4d3f,0.098
,,028434a8-7070-472c-8b37-83cf57e92aa7,1.000
,,f5c3d483-c6c4-4a51-86e2-005bba33af14,0.213
,,2fd1f2cf-931b-49bb-bd88-94759e3e1951,0.505
,,695cddca-0410-4166-bb74-7af09cf3337d,0.266
,,93ea9f19-7025-4909-86e6-d1a55adb992a,1.000
,,3c241926-e36c-4132-b6cc-0416de203995,1.000
,,1ec5a758-72ef-47cf-9dd8-e49b8e5b9869,0.630
,,acb61f16-0d77-484a-a820-0e9a9a8c801a,0.352
,,a32e9679-b74c-4bd2-9e86-15e1ee874c84,1.000
,,2926358a-c52d-4025-a37f-c534e8ddfd2e,0.268
,,,
13,Employment Tribunal Reforms,,
,,167c1642-2c33-4b73-ba62-dca71f20aee4,0.388
,,5faa09c1-2c80-467b-a2b8-ad509682d2fa,0.433
,,c994ad2c-9eac-4184-bd03-22034c605b52,1.000
,,c275c688-ccb8-4426-8d92-468ea2612c13,1.000
,,9f1f65fa-f17e-4312-b660-19e6aa7d588e,0.435
,,0288aea3-2af9-4260-a4a5-21785d54b840,0.805
,,5694add7-b2e2-4c32-87cc-598d1a67f0a2,1.000
,,dedce5c6-7908-4c9e-b9de-25aa27fbbc33,1.000
,,d130e939-0bea-4405-b51e-650942fff5b3,0.220
,,48bcd90a-3734-4460-98b8-f32e0671a920,1.000
,,8aa726d9-156b-4274-b802-d114079d00f7,0.504
,,c4953629-b2f2-4488-ad50-6f5814eef105,0.510
,,320ac73e-53eb-42a1-87fb-a0b1d7f2ac11,0.767
,,b5aea250-b5e3-46f2-a521-6034aa220e39,1.000
,,caa5ec42-f200-4665-b3b3-edf4d5f46072,1.000
,,190956c7-de0c-400c-897d-daf5d24260b9,1.000
,,b04f68e0-146f-45ce-ab26-2e253bdfa3c3,0.400
,,85344021-f83c-4fe6-b46d-d2a02798bc77,0.312
,,9c5c874a-05f1-43d9-8de6-3ab94fc237bf,0.388
,,341e086c-99cb-4d21-851a-83b4fb316f78,1.000
,,efcd2763-00e9-4c28-b7c5-2102dc5f5673,1.000
,,c81e0665-eb7a-4d20-844a-c872422321fa,1.000
,,,
14,National Minimum Wage Enforcement,,
,,fcca9b38-7ae1-4586-a859-824fe0bca258,0.647
,,2344d4e5-43da-42c2-95df-163e93ec72d3,1.000
,,7ae7d299-2c3c-4004-8a53-d0ce40bb830d,0.592
,,9109c67c-77b2-4549-b040-867537062b8b,0.524
,,826d5df0-b9d4-4df5-bd2f-42cbc293ba4b,0.114
,,7f8d7b2f-7590-4a84-ac80-a6b037dae464,1.000
,,c3b241a9-da3e-455e-a2fe-6d041702ef4c,0.351
,,c5dff831-9bfd-4f90-925e-8be5a68632b4,0.307
,,f542ca6c-2aa2-4004-b05e-15c8fb939324,1.000
,,c4aaafc4-85b9-4eb3-b0bf-565aed516cd2,0.422
,,e7f769aa-20c4-445b-96ca-9bdedbb8991c,0.218
,,314c3ab8-0d4a-4a5f-8de8-a19dc9918a3a,1.000
,,6097801c-40db-4401-be23-a7f753e37b57,0.714
,,04b5549f-7b15-4743-8f4d-a4525e0330af,1.000
,,21dcf0a0-bee6-4c3f-a30a-e9574d4c1f43,1.000
,,11c969cf-2eb0-40fa-94f3-277a4964338f,1.000
,,d8fbd26d-4d88-4b8f-bebe-21506d36ed69,0.237
,,935d6a79-7375-4505-b89a-144950b54072,1.000
,,9abd4127-f912-46b0-82e0-71e1a9626c50,0.619
,,5174b32e-837b-4f4a-b6ab-ceba98a279f1,0.408
,,a97ca140-98b9-4b77-905d-4b62f1658b11,1.000
,,9ad3c6e2-f522-48e8-9e47-f149612b5b56,1.000
,,,
15,National Living Wage Increases,,
,,775b44a0-f8de-493f-96f2-cd9ac5a92987,1.000
,,84f4cce9-a1ba-41ee-ab11-84308ac8a3c6,1.000
,,d2fb9109-6e95-44a4-a719-d72d8d5c8cbf,1.000
,,f945a149-cf6e-45cc-9d77-354b92575be1,0.724
,,2b63906f-999e-4f76-b4e4-3ef35ff2b19b,1.000
,,ee6951d3-bccb-49e6-a5a2-b48416ea435b,1.000
,,f688633d-2fe7-4074-87a5-ae30191e00e9,0.212
,,5f36b90e-1253-48a1-a001-b16b85a5fab8,0.085
,,398f9cdd-dcb7-4e58-8e38-0ef0c9158e16,1.000
,,b12d43bb-20e1-4cc2-b814-6dc58ecbcd1f,1.000
,,cd7248fe-a397-4111-a98a-acf5345fa6b7,0.234
,,1a8e499b-348f-43d5-bc42-f4d766c1c673,0.600
,,9edf2329-cd58-4f49-9ae1-91580c1aa9f8,1.000
,,fe55b692-9017-4774-805c-0ebb25374444,0.480
,,ddc164de-4944-4278-ae1d-6be0d9e290f6,0.415
,,df9c2d6a-a8c5-4936-9e9d-7d8826a48cff,0.416
,,ef14862c-886a-4502-b9a7-196bcfacbad0,0.275
,,f1647d4d-19e1-4c7e-b999-36119901c978,1.000
,,c5f7d603-eecb-4eb6-b87a-7e60d274293b,0.174
,,854ffa1b-4d82-4060-8121-37b2fe3f6fb0,0.698
,,5b4f4cce-8c7a-4348-a921-380f8b68e69a,1.000
,,,
16,Trade Union Regulations,,
,,884ba956-63f5-4538-80d3-8621d4265d75,0.541
,,24496849-16c4-46cc-b159-9e2e37f8c877,1.000
,,2db52774-4e04-4739-afcf-217b4c145565,1.000
,,d4c34d38-8ea6-4631-8f56-49bc243e4c8b,1.000
,,8fb5e42a-519a-436d-9668-2845bd5acab9,0.148
,,1bf03c6e-d4be-4bf7-b520-fae7bd3cf1c8,0.461
,,d8cad3db-020e-4bee-98ae-d40e86977d17,0.564
,,25b4d17d-31a0-4d4c-862a-5b6d20bae614,1.000
,,4bc97710-0e95-4eb7-8f26-c06685abb18e,1.000
,,ea07d0a1-879a-4f92-bb69-73dfb8a48667,1.000
,,c71a64b2-2743-41fb-a150-6c82fec4a404,1.000
,,8353147a-53a6-4721-9f91-af29a4d2c759,0.465
,,30a01570-3dd1-410d-86ed-9759bb2e835e,0.300
,,79c86a3f-7e4c-4975-923e-f6633d47c56a,1.000
,,bba794a7-00a3-4f5e-a265-92368915e777,0.240
,,5c26e19c-f7df-494d-8d2a-4f929a64ba2c,1.000
,,e50f6aae-60a5-4279-ab76-73b95890f2a8,1.000
,,cd143d2f-0de5-4384-bd68-7453a69864a9,0.597
,,c67b4ec2-194d-4350-8566-90a6a3bafc98,0.320
,,065c82dd-1c3d-4aa5-905d-ef42a51df4a2,0.520
,,e0a3fc54-20d1-4074-969d-5fb3b13e4891,0.462
,,,
17,National Wage Recommendations,,
,,588a126a-3132-48cc-bab1-00c9eaaec2d1,1.000
,,b399a2e2-88c4-466c-908d-26eeb7b6e7a3,1.000
,,7b084a07-e4be-4dbd-b4c2-6993eb7a9266,1.000
,,4cc5c889-7d6d-4edf-af0a-c64d8cef556f,1.000
,,fc584dc3-448d-450d-9ede-28b2e2370f69,0.642
,,f6201f33-0cb2-44b7-ab34-64dcb8a04162,0.609
,,83da29e5-c480-4b37-9c63-7bae2918f1c2,1.000
,,8abcbda5-c509-4a32-b04e-456f23aaa956,1.000
,,681ce60c-e7ef-4bd9-bae7-4d672745d544,0.162
,,4ed842f9-0dd7-4c5a-b462-fc3e8500ca3d,0.881
,,8ef33e94-671e-45c7-9cd3-0e1a2e3f4a9f,1.000
,,5b754e36-ef8e-48b1-9c8b-c2f521392344,1.000
,,81a97932-af63-4387-afd2-59f1a33992b8,0.817
,,b1864d33-7925-491e-b364-3e5460f38356,0.664
,,c7839f65-fd3c-4893-8e62-474852be7677,0.434
,,789264ee-bd5a-43dc-a508-9f93f9e3ddb7,1.000
,,2f24fe55-f7cc-438f-9a22-00c47f378799,1.000
,,,
18,Youth Employment Challenges,,
,,09defe10-3560-43a3-ae91-177788620d2b,1.000
,,7b2b56f6-e218-4c47-8a20-98af4bf5eb49,0.269
,,88759703-428f-483e-bb99-539936fa6510,1.000
,,4afada60-8802-4ee9-88ce-e2fd9a36cb4f,1.000
,,a5f8dfd0-49ed-4020-b13c-f16c87c4d59d,1.000
,,6f6d2b88-4aae-4771-a4c3-a523cfc421ea,1.000
,,67f3a61d-edbc-4cc2-80a2-a011bcb8104a,1.000
,,182771e6-8b93-4ac0-84b4-08d1b9d48000,0.319
,,cd79e587-ede2-4196-af4d-bfa789f62a6b,1.000
,,6ab6d138-4d0f-4a6b-a4a5-8609e739f575,1.000
,,b9f91ceb-e530-42d8-9c31-c8f01cab3ce3,1.000
,,ffc7e783-1830-4438-955f-ae48846f7dc8,0.500
,,5fd01e09-f932-4cf9-aa5e-2256c257eacb,0.303
,,7f866fa8-8537-47fd-bec5-6835881bf6c8,1.000
,,0e5a888a-bcde-4d9c-828b-16c23f2b19fe,0.400
,,,
19,Minimum wage enforcement,,
,,4b8b7d94-349e-49ac-a286-da7dc521d372,1.000
,,83ce387b-131c-482d-8c98-0a664cfe44d9,1.000
,,6e70ab16-6145-43cf-a191-4b4a009f0f02,1.000
,,0f9be3f4-93f6-4b69-ac66-de5b12fdaf63,1.000
,,e2263f50-d456-416c-83ea-d8e26c319984,1.000
,,31197f84-f9ba-4da9-bdf7-bb21ee494dc8,0.809
,,fb6025ac-ea87-4696-95d9-6d9c159eb135,1.000
,,b8bf6a80-34f7-4b6c-be67-58cc78ad8f1d,0.379
,,a9cac66f-2fed-4d77-b0ab-91bb1c7c73c8,1.000
,,405f23ac-8995-4b1e-a88c-a81a806db0dd,1.000
,,e5f28eeb-2981-47c9-8323-293df7561ef6,1.000
,,0159a7a3-34c9-4779-9a77-bd6361a35b4b,0.377
,,e9c26364-9306-4c37-8ea7-438f754ddec2,0.914
,,f9955a76-16a8-49ce-820f-745652bf0d89,1.000
,,7c56fa33-ef21-4251-b946-44df9dd0a225,0.341
,,,
20,Transfer of RDA Assets,,
,,4c36114f-fcb0-4cfe-9bd1-9efbc787169f,1.000
,,0e0ea864-4d14-4da4-84fb-2566a7c0fa58,1.000
,,5c34497a-ac44-45bc-bc96-d5728e93e7ad,0.137
,,74fddc54-568e-40ff-b65e-9f66b33a0881,0.766
,,ae9d39fd-9e0a-4613-9a29-c7fc760b8653,1.000
,,e28c669e-8c6e-45a7-92cf-5d1147da993c,1.000
,,36b90081-220b-4ba6-ba12-0e9706efc8a3,1.000
,,fdca34f5-b351-470b-9da2-22dba1fa8f73,1.000
,,4980b13b-5e25-4a2b-b723-9bbedbd66e9a,0.855
,,1ccc155b-426f-466b-acb0-7ba561e5fcd8,0.121
,,31d946e2-4153-4250-a1fa-1e70a2331d85,0.217
,,75883a6f-053b-48ef-8bb9-5d9d04287fad,1.000
,,2b9e682f-3038-4f28-8e54-81da0f6a9bd8,1.000
,,d69d158e-e7d4-482d-99a2-24d993fdbc17,1.000
,,2e1ea1ef-e12c-485b-a6b3-46393c53bce8,1.000
,,,
21,Complaints and Regulations,,
,,d3a5bb12-1c86-44d9-8d4c-5401f6424453,1.000
,,67112971-bcd8-4082-8852-e907fd95f159,1.000
,,0dd7ee72-27ff-4fd3-be48-9f2ed53c41e6,0.566
,,9dc109ff-8b1c-4f3d-93de-0a5b43f603d8,1.000
,,dd49e794-0cf2-4166-a0b2-2086ea2f9938,1.000
,,384f756a-df38-449c-8059-1e4bf16d8687,1.000
,,76d09ac5-c178-4bfc-a488-d04c8c767f23,0.149
,,0e7dba29-9147-46a4-9836-3aef0b1ab223,1.000
,,95499ebd-407b-45ac-a167-1ee54e2c1aab,1.000
,,2a17b7d1-4749-47e1-8702-0df8b428b6ec,0.134
,,ce34b78c-9255-4526-aa92-673786d40a13,1.000
,,9cc5857c-fff2-4939-a908-e33d1b0c5622,0.232
,,f9a9bf2c-74a6-4258-b18a-ed4c39386195,1.000
,,587c1fef-96ec-4d9c-8e4b-b76248593048,1.000
,,3fe8acd9-4825-4ec5-9739-94cc2bb2d21b,0.629
,,,
22,Minimum Service Levels,,
,,e09bb5b2-20ac-4061-9dfd-938e03b910b2,1.000
,,c8c47b27-652c-4507-8b89-10aff8aa5528,1.000
,,0035e7a7-503d-45e2-8142-5db164e1c454,1.000
,,a4a6f649-51f6-43f7-a94c-c57432bc1d7c,0.486
,,55c41eaf-3e76-4546-908f-46c0d3c2388a,1.000
,,4e16b603-63fb-45b5-a00e-8fc257933c89,1.000
,,e05f0c12-7671-4d25-b338-39da498bd4eb,1.000
,,bf2e7eef-27e6-4cdf-8331-7276f010cabd,0.222
,,b6c192fe-dca1-4ea7-a81b-d53097788749,1.000
,,cac7ab02-c257-4413-8b32-dc3de38f3b09,1.000
,,484e2cba-7f0e-4d2f-8e81-0670d37eca17,0.840
,,9c158226-c96f-4068-af6d-6c959900e3f6,1.000
,,96dae562-358e-46cd-9398-7a7bbda106e7,1.000
,,b322ddc6-cccc-4a03-b0ae-4f4e7bbd5b1c,0.859
,,,
23,Acas Council appointments,,
,,583686b0-49c1-4ad6-af25-c22cb7ca72a1,1.000
,,f17b2068-7446-462a-9b77-8019ddad71f2,0.911
,,c24ee9fc-3550-4c9f-ae37-1f9393ee218f,1.000
,,5d548610-57b9-4d5a-956a-fc10c63aec80,1.000
,,578c6af8-ce81-438e-950e-fa110a5e5ab0,1.000
,,59efece5-599f-4e46-9d24-96f362a2ddb2,1.000
,,18a940c9-dc9b-4e59-8c93-d3527fa51106,0.722
,,e9c1c941-f94a-488a-b813-aa98881b1023,0.476
,,7be8d71d-7200-49eb-9f58-18cd25c0eb80,1.000
,,47b6107d-ec59-4a2a-9263-c0cb8252a268,1.000
,,27a2fa3d-403e-4523-9d46-db109a394275,1.000
,,13457bc4-5319-46f2-912f-fb521b0911af,0.292
,,f31bd5bb-0913-4c65-aa70-7a869e9abfd6,1.000
,,998b1e61-7416-4a11-a008-788a6528e6ea,1.000
,,,
24,Default Retirement Age Removal,,
,,52db6075-02d8-4e3c-af3b-523fe03f94e7,0.726
,,0dc7aa42-9dae-444a-84b9-3596f5ebeec8,1.000
,,c1ec8c0f-ec37-4729-b8b5-61b6e5dfbcfb,1.000
,,b900f2c9-5307-408c-840d-6306fa4edc7c,1.000
,,cff8eaa6-8eba-4497-bcb6-967affd9decd,0.366
,,b1cfe0fe-4aa1-426a-9765-6c671bb39898,1.000
,,8d12de4c-c317-4327-8513-1fc58344cb0d,1.000
,,aeebbee6-a759-49a7-95b7-4f5d4fda5016,0.477
,,b920ca75-d9c2-4efd-be8d-3d06f181e087,1.000
,,d551e031-796f-4d2a-9af1-5a131ed4c869,0.391
,,9e8116b4-53de-4492-ba0b-5a39ff06b64a,1.000
,,55b5fd56-1d1c-48be-8e59-8a04e8463000,1.000
,,1777f381-bb26-4ef4-9820-1627d8a08b74,1.000
,,a13f3b60-baa7-4d2e-a7a0-34baf6f8f6c3,1.000
,,,
25,UK Labour Market Statistics,,
,,32db88b4-3d3c-4004-b32f-4bd779453569,1.000
,,8599a47f-524e-490a-a773-4600853de6ab,1.000
,,40977102-80de-40fc-a00c-99f72cbcf881,1.000
,,197ea6a9-0c0f-4bd7-be0f-aa25d49dd38d,0.668
,,d04d6e91-dba8-47fe-8e0b-c27dc41c66c0,1.000
,,b6a547c2-d9b1-4cd6-ad01-b4904db4762d,1.000
,,a001c1e3-63bc-4826-850e-3a3c5350b0c9,1.000
,,2379aca3-03f5-4f12-addd-b1a98d118aff,1.000
,,4d9d0d8d-20a7-4747-bd36-757ebe57c2c1,0.602
,,aacdc81e-9645-4aaa-9f8b-9ee30fbf52be,1.000
,,69fb82bd-daf0-4c39-8fc3-324926f817d9,1.000
,,2733c1e7-d82f-4cf5-8528-b4f9c398baaa,0.804
,,9c20db95-fd07-4d12-8b4e-8de33192ae93,0.668
,,6fc30d9c-6c8d-4f96-bf2a-dccde3fed6fb,1.000
,,,
26,Zero Hours Contracts,,
,,1ad1f601-ea51-4c7f-8f65-66ce94dd1524,1.000
,,b0ff1a7c-f819-46f3-9603-63be8cbd5a68,0.287
,,c965d325-33d7-4631-9b2e-91e24ffea150,1.000
,,1588407f-11d7-4100-b377-5ddcba9cbd1e,1.000
,,248d9159-7642-4054-b509-e2b8d26b7d60,0.097
,,39a42210-dacb-4e4e-ba99-79ffd2521216,1.000
,,a6acc0a6-d807-498b-a01b-9d7961880bb7,1.000
,,363fbac2-6361-43fc-9156-901c603eec88,1.000
,,33dfec01-b60a-4124-bb7c-4f2c46562e76,1.000
,,9b577ff7-58f8-40fd-b611-5ec0d9b3bc9d,1.000
,,d3211796-dc2c-4692-97e5-360218824383,1.000
,,c5e0fda1-2cba-4f31-924f-2aa133061739,0.654
,,d1097d5a-5a5e-4c30-98f1-8e361d795133,0.622
,,12142197-d37f-41f6-badd-a0f63ceb6537,1.000
,,,
27,Trade Union Membership Statistics,,
,,2c1c4aa4-28a0-4301-93bb-3126a4d5294a,1.000
,,683bdbc7-2bc5-4e66-b8ed-bfd083805be7,1.000
,,887a72aa-0dc9-4568-a802-8c99c5dcc158,0.540
,,a1472f48-2519-4b1e-951a-719214a87f22,1.000
,,ec11ca04-0be3-4aa5-918d-49c2e45755ec,1.000
,,0b7b7afe-da07-42c4-bc2f-a05825349c7f,1.000
,,c31d5b67-570f-4ccf-9ae2-36d4d72f789e,1.000
,,609e600d-90de-4dd6-8f34-8a6eaa0c9405,0.493
,,52176e5f-3d8c-47be-b8b0-7bb6ac53c4ab,0.741
,,726453a4-6b81-454c-9147-b19772c89eb3,1.000
,,e5b764c4-9499-4e6c-82f8-ddb380332e28,1.000
,,a398fc50-c621-4831-87fd-b4b7c69ab5d3,1.000
,,5322ab2e-eec4-472f-a2d1-fd7c946c2a4a,1.000
,,,
28,Employee Ownership Initiatives,,
,,2cb4dc89-63c2-4c09-a734-915afc1d47ea,1.000
,,98af9529-9ea3-4985-a195-deec2e0c2e5b,1.000
,,e0387868-6872-42d2-9b29-eab170631bcc,1.000
,,84283a1e-64aa-445f-900f-cd41787d188f,0.144
,,700880fd-3196-4945-83f2-134f9e4a7c9b,0.717
,,a4b1cbd7-e34f-4a9a-bd29-b557fc90c65b,1.000
,,a2d3c3b2-c983-41df-8ecd-375b178f0d96,1.000
,,ed728f86-1ed7-4991-9315-38303de507ad,1.000
,,e16db8b7-11c1-449e-ad29-131001cf7692,1.000
,,9aac5a6a-519c-4d72-bc52-056fa7a1c2b3,1.000
,,d95cf106-f6a9-48cb-a8e2-ea4ca94a2ca0,1.000
,,41d7acba-5d15-4d32-9379-587bcdae35a2,0.282
,,13b83c41-1713-4319-b288-7a897963774c,1.000
,,,
29,Flexible Working Rights,,
,,baaff756-dc75-43e3-a3e0-af8356fd69d8,0.382
,,5b99103c-f1e9-43ab-8020-086b26c10f64,0.382
,,5a36fd60-449b-4187-a7f2-e5c120d61539,0.382
,,7c17bfad-4a48-4e61-9b52-ac59cf3bbbf1,0.382
,,b218c73b-e588-403c-9713-c18c80574762,0.382
,,cbe5a48e-9576-4b80-a3c2-aea4d9b876ee,0.382
,,0db1d916-70e4-4dec-abf5-636f0484ee89,0.382
,,65dffce3-ca64-4acf-a730-f236ba451a95,0.382
,,a7cd666d-6b36-47eb-bafb-3e8e14c162da,0.382
,,69dab643-f7d3-4423-b4ba-f9b60dfb1bc2,0.382
,,bf2415a9-4468-4148-b831-c4169e92cf3c,0.382
,,,
30,Trade Union Recognition,,
,,615a06ae-6ce6-4ba5-aaad-7008d3133760,1.000
,,443a397a-86fd-4588-8522-18b5b5c96dfe,1.000
,,87ac1814-0e63-46f4-afac-3378d1776922,1.000
,,9cb94208-9c32-4d85-99d3-e117cf84263e,1.000
,,05dd426e-3ce9-4527-ac4a-1d733e68a8a5,1.000
,,03778d5d-7e8a-4a3d-90bb-06f3393cee2b,1.000
,,29807be2-3623-410e-8831-910e0f1e8673,1.000
,,fdb3fa0d-3a6d-406d-842e-ed3f870e0307,1.000
,,4d509d60-156c-4a53-9af1-04fcd99f982b,1.000
,,4b6b3c24-f2f5-49e7-8a18-357299de4412,1.000
,,,
31,Low Pay Commission Research,,
,,23cf635c-4507-4dcd-a6ea-be2a9cfcf02e,1.000
,,eaa91b05-7964-4985-9ebe-90de3775e4a7,1.000
,,7758b120-5ef3-48b1-8157-9649bca47a3b,1.000
,,341f371f-9ae3-4996-ad2d-7a0c08e2c435,1.000
,,77893843-7465-4553-afa0-7abebdd9d728,1.000
,,ff87d6a5-d5b7-4bf0-83d9-5ae072251666,1.000
,,30294cfa-fce4-4f48-aaf2-41071c808eb4,1.000
,,e5495bcb-edde-453e-9b15-5664aa8c62f8,1.000
,,10c34ca7-ee0f-45ff-823f-c63b76687d9d,1.000
,,675a3182-9dd8-4a31-abfc-5ab142e786a7,1.000
,,,
